<DSTData>
  <DST szTime="-12"		szZone="Eniwetok,Kwajalein"/>
  <DST szTime="-11"		szZone="Midway Island"/>
  <DST szTime="-10"		szZone="United States-Hawaii-Aleutian"/>
  <DST szTime="-10"		szZone="United States-Alaska-Aleutian"/>
  <DST szTime="-9:30"  szZone="French Polynesia"/>  
  <DST szTime="-9"		szZone="United States-Alaska Time"    	iType="1" szStart="3/2/7/2"		szEnd="11/1/7/2" 	szOffset="60"/>
  <DST szTime="-8" 		szZone="Canada(Vancouver,Whitehorse)"  iType="1" szStart="3/2/7/2" 		szEnd="11/1/7/2" 	szOffset="60"/>
  <DST szTime="-8" 	  szZone="Mexico(Tijuana,Mexicali)"     iType="1" szStart="3/2/7/0" 		szEnd="10/5/7/0" 	szOffset="60"/>
  <DST szTime="-8" 	  szZone="United States-Pacific Time"   iType="1" szStart="3/2/7/2" 		szEnd="11/1/7/2" 	szOffset="60"/>
  <DST szTime="-8" 	  szZone="Baja California"/>  
  <DST szTime="-7" 		szZone="Canada(Edmonton,Calgary)" iType="1" szStart="3/2/7/2" 		szEnd="11/1/7/2" 	szOffset="60"/>
  <DST szTime="-7"    szZone="Mexico(Mazatlan,Chihuahua)" iType="1" szStart="4/1/7/0" 		szEnd="10/5/7/0" 	szOffset="60"/>
  <DST szTime="-7" 	  szZone="United States-Mountain Time" iType="1" szStart="3/2/7/2" 		szEnd="11/1/7/2" 	szOffset="60"/>
  <DST szTime="-7" 	  szZone="United States-MST no DST"/>
  <DST szTime="-7" 	  szZone="Chihuahua,La Paz"/>
  <DST szTime="-7" 	  szZone="Arizona"/>   
  <DST szTime="-6"    szZone="Guatemala" />
  <DST szTime="-6"    szZone="El Salvador" />
  <DST szTime="-6"    szZone="Honduras" />
  <DST szTime="-6"    szZone="Nicaragua" />
  <DST szTime="-6"    szZone="Costa Rica" />
  <DST szTime="-6"    szZone="Belize" />
  <DST szTime="-6"    szZone="Canada-Manitoba(Winnipeg)" iType="1" szStart="3/2/7/2" 		szEnd="11/1/7/2" 	szOffset="60"/>
  <DST szTime="-6" 	  szZone="Chile(Easter Islands)" iType="1" szStart="10/2/6/0" 		szEnd="2/2/6/0" 	szOffset="60"/>
  <DST szTime="-6"    szZone="Guadalajara" />  
  <DST szTime="-6"    szZone="Monterrey" />  
  <DST szTime="-6" 		szZone="Mexico(Mexico City,Acapulco)"  iType="1" szStart="4/1/7/0" 		szEnd="10/5/7/0" 	szOffset="60"/>
  <DST szTime="-6"    szZone="Saskatchewan" />   
  <DST szTime="-6" 	  szZone="United States-Central Time" iType="1" szStart="3/2/7/2" 		szEnd="11/1/7/2" 	szOffset="60"/>
  <DST szTime="-5"    szZone="Bogota,Lima" /> 
  <DST szTime="-5"    szZone="Quito" />   
  <DST szTime="-5"    szZone="Peru" />
  <DST szTime="-5"    szZone="Indiana (East)" />  
  <DST szTime="-5"    szZone="Bahamas(Nassau)" iType="1" szStart="3/2/7/2" 		szEnd="11/1/7/2" 	szOffset="60"/>
  <DST szTime="-5" 	  szZone="Canada(Montreal,Ottawa,Quebec)" iType="1" szStart="3/2/7/2" 		szEnd="11/1/7/2" 	szOffset="60"/>
  <DST szTime="-5" 		szZone="Cuba(Havana)" iType="1" szStart="3/2/7/0" 		szEnd="10/5/7/0" 	szOffset="60"/>
  <DST szTime="-5" 	  szZone="United States-Eastern Time" iType="1" szStart="3/2/7/2" 		szEnd="11/1/7/2" 	szOffset="60"/>
  <DST szTime="-4:30"    szZone="Venezuela(Caracas)"/>
  <DST szTime="-4" 	  szZone="Canada(Halifax,Saint John)"  iType="1" szStart="3/2/7/2" 		szEnd="11/1/7/2" 	szOffset="60"/>
  <DST szTime="-4"    szZone="Atlantic Time (Canada)"/>  
  <DST szTime="-4"    szZone="San Juan"/>  
  <DST szTime="-4"    szZone="Manaus,Cuiaba"/>  
  <DST szTime="-4"    szZone="Georgetown"/>   
  <DST szTime="-4"   szZone="Chile(Santiago)" iType="1" szStart="9/1/6/0"   szEnd="4/4/6/0"  szOffset="60"/>
  <DST szTime="-4" 		szZone="Paraguay(Asuncion)" iType="1" szStart="10/3/7/0" 		szEnd="3/2/7/0" 	szOffset="60"/>
  <DST szTime="-4" 	  szZone="United Kingdom-Bermuda(Bermuda)" iType="1" szStart="3/2/7/2" 		szEnd="11/1/7/2" 	szOffset="60"/>
  <DST szTime="-4" 	  szZone="United Kingdom(Falkland Islands)" iType="1" szStart="9/1/7/2" 		szEnd="4/1/7/2" 	szOffset="60"/>
  <DST szTime="-4"    szZone="Trinidad&Tobago" />
  <DST szTime="-3:30"  szZone="Canada-New Foundland(St.Johns)"  iType="1" szStart="3/2/7/2" 		szEnd="11/1/7/2" 	szOffset="60"/>
  <DST szTime="-3" 	  szZone="Greenland(NUUK)" iType="1" szStart="3/5/7/1" 		szEnd="10/5/7/1" 	szOffset="60"/>
  <DST szTime="-3"    szZone="Argentina(Buenos Aires)" />
  <DST szTime="-3" 	  szZone="Brazil(no DST)" />
  <DST szTime="-3" 	  szZone="Brasilia" />  
  <DST szTime="-3" 	  szZone="Cayenne,Fortaleza" /> 
  <DST szTime="-3" 	  szZone="Montevideo" />     
  <DST szTime="-3" 	  szZone="Salvador" />   
  <DST szTime="-3" 	  szZone="Brazil(DST)" iType="1" szStart="10/3/7/0" 		szEnd="2/3/7/0" 	szOffset="60"/>
  <DST szTime="-2:30"  szZone="Newfoundland and Labrador"/>
  <DST szTime="-2" 	  szZone="Brazil(no DST)" />
  <DST szTime="-2" 	  szZone="Mid-Atlantic" />  
  <DST szTime="-1" 	  szZone="Portugal(Azores)" iType="1" szStart="3/5/7/1" 		szEnd="10/5/7/2" 	szOffset="60"/>
  <DST szTime="-1" 	  szZone="Cape Verde Islands" />  
  <DST szTime="0" 	  szZone="GMT"/>
  <DST szTime="0" 	  szZone="Greenland" 	  iType="1" szStart="3/5/7/1" 		szEnd="10/5/7/1" 	szOffset="60"/>
  <DST szTime="0" 	  szZone="Western Europe Time"/>  
  <DST szTime="0" 	  szZone="Monrovia"/>  
  <DST szTime="0" 	  szZone="Reykjavik"/> 
  <DST szTime="0" 	  szZone="Casablanca"/>   
  <DST szTime="0" 	  szZone="Denmark-Faroe Islands(Torshavn)" iType="1" szStart="3/5/7/1" 		szEnd="10/5/7/2" 	szOffset="60"/>
  <DST szTime="0" 	  szZone="Ireland(Dublin)" iType="1" szStart="3/5/7/1" 		szEnd="10/5/7/2" 	szOffset="60"/>
  <DST szTime="0" 	  szZone="Edinburgh"/>  
  <DST szTime="0" 	  szZone="Portugal(Lisboa,Porto,Funchal)" iType="1" szStart="3/5/7/1" 		szEnd="10/5/7/2" 	szOffset="60"/>
  <DST szTime="0" 	  szZone="Spain-Canary Islands(Las Palmas)" iType="1" szStart="3/5/7/1" 		szEnd="10/5/7/2" 	szOffset="60"/>
  <DST szTime="0" 	  szZone="United Kingdom(London)" iType="1" szStart="3/5/7/1" 		szEnd="10/5/7/2" 	szOffset="60"/>
  <DST szTime="0" 	  szZone="Lisbon" />  
  <DST szTime="0" 	  szZone="Morocco" 		  iType="0" szStart="6/1/0" 		  szEnd="8/21/0" 	  szOffset="60"/>
  <DST szTime="+1" 	  szZone="Albania(Tirane)" iType="1" szStart="3/5/7/2" 		szEnd="10/5/7/3" 	szOffset="60"/>
  <DST szTime="+1" 		szZone="Austria(Vienna)" iType="1" szStart="3/5/7/2" 		szEnd="10/5/7/3" 	szOffset="60"/>
  <DST szTime="+1" 		szZone="Belgium(Brussels)" iType="1" szStart="3/5/7/2" 		szEnd="10/5/7/3" 	szOffset="60"/>
  <DST szTime="+1" 		szZone="Caicos" iType="1" szStart="4/4/5/0" 		szEnd="8/4/5/0" 	szOffset="60"/>
  <DST szTime="+1" 		szZone="Belgrade"/>  
  <DST szTime="+1" 		szZone="Bratislava" iType="1" szStart="3/4/7/0" 		szEnd="10/5/7/1" 	szOffset="60"/> 
  <DST szTime="+1" 		szZone="Ljubljana" iType="1" szStart="3/4/7/0" 		szEnd="10/5/7/1" 	szOffset="60"/>     
  <DST szTime="+1" 		szZone="Chad" />
  <DST szTime="+1" 		szZone="Copenhagen" />
  <DST szTime="+1" 		szZone="West Central Africa" />
  <DST szTime="+1" 		szZone="Poland(Warsaw)" />    
  <DST szTime="+1" 		szZone="Spain(Madrid)" iType="1" szStart="3/5/7/2" 		szEnd="10/5/7/3" 	szOffset="60"/>
  <DST szTime="+1" 		szZone="Croatia(Zagreb)" iType="1" szStart="3/5/7/2" 		szEnd="10/5/7/3" 	szOffset="60"/>
  <DST szTime="+1" 		szZone="Czech Republic(Prague)" iType="1" szStart="3/5/7/2" 		szEnd="10/5/7/3" 	szOffset="60"/>
  <DST szTime="+1" 		szZone="Denmark(Copenhagen)" iType="1" szStart="3/5/7/2" 		szEnd="10/5/7/3" 	szOffset="60"/>
  <DST szTime="+1" 		szZone="France(Paris)" iType="1" szStart="3/5/7/2" 		szEnd="10/5/7/3" 	szOffset="60"/>
  <DST szTime="+1" 		szZone="Germany(Berlin)" iType="1" szStart="3/5/7/2" 		szEnd="10/5/7/3" 	szOffset="60"/>
  <DST szTime="+1" 		szZone="Hungary(Budapest)" iType="1" szStart="3/5/7/2" 		szEnd="10/5/7/3" 	szOffset="60"/>
  <DST szTime="+1" 		szZone="Italy(Rome)" iType="1" szStart="3/5/7/2" 		szEnd="10/5/7/3" 	szOffset="60"/>
  <DST szTime="+1" 		szZone="Switzerland(Bern)" iType="1" szStart="3/5/7/2" 		szEnd="10/5/7/3" 	szOffset="60"/>
  <DST szTime="+1" 		szZone="Sweden(Stockholm)" />    
  <DST szTime="+1" 		szZone="Luxembourg(Luxembourg)" iType="1" szStart="3/5/7/2" 		szEnd="10/5/7/3" 	szOffset="60"/>
  <DST szTime="+1" 		szZone="Macedonia(Skopje)" iType="1" szStart="3/5/7/2" 		szEnd="10/5/7/3" 	szOffset="60"/>
  <DST szTime="+1" 		szZone="Netherlands(Amsterdam)" iType="1" szStart="3/5/7/2" 		szEnd="10/5/7/3" 	szOffset="60"/>
  <DST szTime="+1" 		szZone="Namibia(Windhoek)" iType="1" szStart="9/1/7/2" 		szEnd="4/1/7/2" 	szOffset="60"/>
  <DST szTime="+2" 		szZone="Estonia(Tallinn)" iType="1" szStart="3/5/7/3" 		szEnd="10/5/7/4" 	szOffset="60"/>
  <DST szTime="+2" 		szZone="Finland(Helsinki)" iType="1" szStart="3/5/7/3" 		szEnd="10/5/7/4" 	szOffset="60"/>
  <DST szTime="+2" 		szZone="Gaza Strip(Gaza)" iType="1" szStart="3/5/5/0" 		szEnd="9/1/4/2" 	szOffset="60"/>
  <DST szTime="+2" 		szZone="Greece(Athens)" iType="1" szStart="3/5/7/3" 		szEnd="10/5/7/4" 	szOffset="60"/>
  <DST szTime="+2" 		szZone="Harare" />
  <DST szTime="+2"      szZone="Israel(Tel Aviv)" iType="1" szStart="3/5/5/2"           szEnd="10/5/7/2"    szOffset="60"/>
  <DST szTime="+2" 		szZone="Jordan(Amman)" iType="1" szStart="3/5/5/0" 		szEnd="10/5/5/1" 	szOffset="60"/>
  <DST szTime="+2"    szZone="Latvia(Riga)" iType="1" szStart="3/5/7/3" 		szEnd="10/5/7/4" 	szOffset="60"/>
  <DST szTime="+2" 		szZone="Lebanon(Beirut)" iType="1" szStart="3/5/7/0" 		szEnd="10/5/7/0" 	szOffset="60"/>
  <DST szTime="+2" 		szZone="Moldova(Kishinev)" iType="1" szStart="3/5/7/3" 		szEnd="10/5/7/4" 	szOffset="60"/>
  <DST szTime="+2" 		szZone="Pretoria" />
  <DST szTime="+2" 		szZone="Jerusalem"/>  
  <DST szTime="+2" 		szZone="Russia(Kaliningrad)" />
  <DST szTime="+2" 		szZone="Bulgaria(Sofia)" />  
  <DST szTime="+2" 		szZone="Lithuania(Vilnius)" />   
  <DST szTime="+2" 		szZone="Cairo" />  
  <DST szTime="+2" 		szZone="Istanbul" />  
  <DST szTime="+2" 		szZone="E.Europe" />  
  <DST szTime="+2" 		szZone="Tripoli" />    
  <DST szTime="+2" 		szZone="Romania(Bucharest)" iType="1" szStart="3/5/7/3" 		szEnd="10/5/7/4" 	szOffset="60"/>
  <DST szTime="+2" 		szZone="Syria(Damascus)" iType="1" szStart="3/5/6/0" 		szEnd="11/1/7/0" 	szOffset="60"/>
  <DST szTime="+2" 		szZone="Turkey(Ankara)" />
  <DST szTime="+2" 		szZone="Ukraine(Kyiv,Odessa)" iType="1" szStart="3/5/7/3" 		szEnd="10/5/7/4" 	szOffset="60"/>
  <DST szTime="+3" 		szZone="East Africa Time" />
  <DST szTime="+3" 		szZone="Iraq(Baghdad)" />
  <DST szTime="+3" 		szZone="Russia(Moscow)" />
  <DST szTime="+3" 		szZone="St.Petersburg" />  
  <DST szTime="+3" 		szZone="Kuwait,Riyadh" />  
  <DST szTime="+3" 		szZone="Nairobi" />   
  <DST szTime="+3" 		szZone="Minsk" />  
  <DST szTime="+3" 		szZone="Volgograd (RTZ 2)" />  
  <DST szTime="+3:30"  szZone="Iran(Teheran)" iType="0" szStart="3/22/0" 		    szEnd="9/22/0" 	szOffset="60"/>
  <DST szTime="+4"    szZone="Armenia(Yerevan)" iType="1" szStart="3/5/7/2" 		szEnd="10/5/7/3" 	szOffset="60"/>
  <DST szTime="+4" 	  szZone="Azerbaijan(Baku)" iType="1" szStart="3/5/7/4" 		szEnd="10/5/7/5" 	szOffset="60"/>
  <DST szTime="+4" 	  szZone="Georgia(Tbilisi)" />
  <DST szTime="+4"  	szZone="Russia(Samara)" />
  <DST szTime="+4"  	szZone="Abu Dhabi,Muscat" />  
  <DST szTime="+4"  	szZone="Izhevsk,Samara (RTZ 3)" />  
  <DST szTime="+4"  	szZone="Port Louis" />    
  <DST szTime="+4:30"  szZone="Afghanistan(Kabul)"/>
  <DST szTime="+5"  	szZone="Kazakhstan(Aqtobe)"/>
  <DST szTime="+5"  	szZone="Kazakhstan(Aktau)" />
  <DST szTime="+5"  	szZone="Ekaterinburg (RTZ 4)" />  
  <DST szTime="+5"  	szZone="Karachi" />  
  <DST szTime="+5"  	szZone="Tashkent" />  
  <DST szTime="+5"  	szZone="Pakistan(Islamabad)" iType="0" szStart="4/15/0" 		szEnd="11/1/0" 	szOffset="60"/>
  <DST szTime="+5"  	szZone="Russia(Chelyabinsk)"  />
  <DST szTime="+5:30" 	szZone="India(Calcutta)"/>
  <DST szTime="+5:30" 	szZone="Mumbai,Chennai"/> 
  <DST szTime="+5:30" 	szZone="Kolkata,New Delhi"/>  
  <DST szTime="+5:30" 	szZone="Sri Jayawardenepura"/>   
  <DST szTime="+5:45"  szZone="Nepal(Katmandu)"/> 
  <DST szTime="+6"		szZone="Kazakhstan(Astana,Almaty)"/>
  <DST szTime="+6"  	szZone="Kyrgyzstan(Bishkek)" />
  <DST szTime="+6" 	  szZone="Russia(Novosibirsk,Omsk)" />
  <DST szTime="+6" 	  szZone="Bangladesh(Dhaka)" />  
  <DST szTime="+6:30"  szZone="Myanmar(Naypyitaw)" />  
  <DST szTime="+6:30"  szZone="Yangon (Rangoon)" />
  <DST szTime="+7"		szZone="Russia(Krasnoyarsk)"  />
  <DST szTime="+7" 		szZone="Thailand(Bangkok)"/>
  <DST szTime="+7" 		szZone="Vietnam(Hanoi)"/>  
  <DST szTime="+7" 		szZone="Jakarta"/>  
  <DST szTime="+8" 	  szZone="China(Beijing)"/>
  <DST szTime="+8" 	  szZone="Singapore(Singapore)" />
  <DST szTime="+8" 	  szZone="Hong Kong,Urumqi" />  
  <DST szTime="+8" 	  szZone="Taipei" />   
  <DST szTime="+8" 	  szZone="Kuala Lumpur" />    
  <DST szTime="+8"    szZone="Australia(Perth)" />
  <DST szTime="+8" 	  szZone="Russia(Irkutsk, Ulan-Ude)"/>
  <DST szTime="+8" 	  szZone="Ulaanbaatar" /> 
  <DST szTime="+8:45"  szZone="Eucla"/>
  <DST szTime="+9" 		szZone="Korea(Seoul)"/>
  <DST szTime="+9" 	  szZone="Japan(Tokyo)"/>
  <DST szTime="+9" 	  szZone="Russia(Yakutsk, Chita)"/>
  <DST szTime="+9:30"  szZone="Australia(Adelaide)" iType="1" szStart="10/1/7/2" 		szEnd="4/1/7/3" 	szOffset="60"/>
  <DST szTime="+9:30"  szZone="Australia(Darwin)" />
  <DST szTime="+10" 	szZone="Australia(Sydney,Melbourne,Canberra)" iType="1" szStart="10/1/7/2" 		szEnd="4/1/7/3" 	szOffset="60"/>
  <DST szTime="+10" 	szZone="Australia(Brisbane)"/>
  <DST szTime="+10"   szZone="Australia(Hobart)"  iType="1" szStart="10/1/7/2" 		szEnd="4/1/7/3" 	szOffset="60"/>
  <DST szTime="+10"   szZone="Russia(Vladivostok)" />
  <DST szTime="+10"   szZone="Magadan (RTZ 9)" />  
  <DST szTime="+10"   szZone="Guam,Port Moresby" />  
  <DST szTime="+10"   szZone="Solomon Islands" />  
  <DST szTime="+10:30" szZone="Australia(Lord Howe Islands)" iType="1" szStart="10/1/7/2" 		szEnd="4/1/7/3" 	szOffset="60"/>
  <DST szTime="+11" 	szZone="New Caledonia(Noumea)"/>
  <DST szTime="+11" 	szZone="Chokurdakh (RTZ 10)"/>  
  <DST szTime="+11" 	szZone="Russia(Srednekolymsk Time)"/>
  <DST szTime="+11:30" szZone="Norfolk Island"/>   
  <DST szTime="+12" 	szZone="New Zealand(Wellington,Auckland)" iType="1" szStart="9/5/7/3" 		szEnd="4/1/7/2" 	szOffset="60"/>
  <DST szTime="+12" 	szZone="Fiji Islands"/>  
  <DST szTime="+12" 	szZone="Russia(Kamchatka Time)" />
  <DST szTime="+12" 	szZone="Anadyr" />  
  <DST szTime="+12" 	szZone="Petropavlovsk-Kamchatsky (RTZ 11)" />  
  <DST szTime="+12" 	szZone="Marshall Islands" />  
  <DST szTime="+12:45"   szZone="New Zealand(Chatham Islands)" iType="1" szStart="9/5/7/4" 		szEnd="4/1/7/3" 	szOffset="60"/>
  <DST szTime="+13"   szZone="Nuku'alofa"/>  
  <DST szTime="+13"	  szZone="Samoa" iType="1" szStart="9/5/7/3" 		szEnd="4/1/7/4" 	szOffset="60"/> 
  <DST szTime="+13" 	  szZone="Tonga(Nukualofa)" />
  <DST szTime="+13:30" szZone="Chatham Islands" /> 
  <DST szTime="+14"    szZone="Kiribati" />  
</DSTData>
